,d,beta,re_prior,experiment,exp_type,mse_X,sigma_b0_spatial_est,n_epoch,time
1,1,0.001,0.1,0,lmmvae,0.011514586,0.001573083,200,108.2246385
2,1,0.001,0.1,0,pca-ignore,0.017093506,,,0.165056229
3,1,0.001,0.1,0,pca-ohe,0.017119657,,,6.342962027
4,1,0.001,0.1,0,vae-ignore,0.02680499,,200,56.59692097
5,1,0.001,0.1,0,vae-ohe,0.026443275,,200,209.7687125
6,1,0.001,0.1,0,vae-em,0.027977036,,200,61.77071524
7,1,0.001,0.1,1,lmmvae,0.011025086,0.001470103,200,112.0756934
8,1,0.001,0.1,1,pca-ignore,0.017108688,,,0.176581144
9,1,0.001,0.1,1,pca-ohe,0.017153481,,,6.360985518
10,1,0.001,0.1,1,vae-ignore,0.024412246,,200,58.39018035
11,1,0.001,0.1,1,vae-ohe,0.025114267,,200,217.8226209
12,1,0.001,0.1,1,vae-em,0.026364874,,200,63.52915812
13,1,0.001,0.1,2,lmmvae,0.013767919,0.001068491,200,105.6246159
14,1,0.001,0.1,2,pca-ignore,0.019696079,,,0.147137403
15,1,0.001,0.1,2,pca-ohe,0.019691348,,,6.353541851
16,1,0.001,0.1,2,vae-ignore,0.028986971,,200,55.46299601
17,1,0.001,0.1,2,vae-ohe,0.028739569,,200,203.7605052
18,1,0.001,0.1,2,vae-em,0.030497532,,200,60.95055199
19,1,0.001,0.1,3,lmmvae,0.010615592,0.001505344,200,108.4915671
20,1,0.001,0.1,3,pca-ignore,0.016161481,,,0.159394264
21,1,0.001,0.1,3,pca-ohe,0.016160288,,,7.419797421
22,1,0.001,0.1,3,vae-ignore,0.023482447,,200,58.23625302
23,1,0.001,0.1,3,vae-ohe,0.02412666,,200,217.4557106
24,1,0.001,0.1,3,vae-em,0.025418863,,200,63.55474138
25,1,0.001,0.1,4,lmmvae,0.012538315,0.001976817,200,106.9131055
26,1,0.001,0.1,4,pca-ignore,0.016962753,,,0.14222765
27,1,0.001,0.1,4,pca-ohe,0.01695676,,,6.273370504
28,1,0.001,0.1,4,vae-ignore,0.0226236,,200,55.76205683
29,1,0.001,0.1,4,vae-ohe,0.023679182,,200,207.0207291
30,1,0.001,0.1,4,vae-em,0.025044663,,200,60.78033733
31,2,0.001,0.1,0,lmmvae,0.006835735,0.001136201,200,108.7333252
32,2,0.001,0.1,0,pca-ignore,0.015239163,,,0.160351038
33,2,0.001,0.1,0,pca-ohe,0.0152166,,,6.328480482
34,2,0.001,0.1,0,vae-ignore,0.021460621,,200,58.07097888
35,2,0.001,0.1,0,vae-ohe,0.025825717,,200,211.7061219
36,2,0.001,0.1,0,vae-em,0.029494875,,200,63.0949173
37,2,0.001,0.1,1,lmmvae,0.00660138,0.000983321,200,111.0713685
38,2,0.001,0.1,1,pca-ignore,0.015456136,,,0.161500454
39,2,0.001,0.1,1,pca-ohe,0.015317485,,,6.379252672
40,2,0.001,0.1,1,vae-ignore,0.020151123,,200,60.03009391
41,2,0.001,0.1,1,vae-ohe,0.025492774,,200,219.9718049
42,2,0.001,0.1,1,vae-em,0.025450066,,200,65.10730672
43,2,0.001,0.1,2,lmmvae,0.008802473,0.000748007,200,108.2317977
44,2,0.001,0.1,2,pca-ignore,0.016847436,,,0.149457216
45,2,0.001,0.1,2,pca-ohe,0.016783832,,,7.440335274
46,2,0.001,0.1,2,vae-ignore,0.024134112,,200,57.23691654
47,2,0.001,0.1,2,vae-ohe,0.028589088,,200,206.5835259
48,2,0.001,0.1,2,vae-em,0.040135923,,200,62.09373856
49,2,0.001,0.1,3,lmmvae,0.005975802,0.001114215,200,110.6707969
50,2,0.001,0.1,3,pca-ignore,0.014925493,,,0.174549103
51,2,0.001,0.1,3,pca-ohe,0.01483327,,,6.340477467
52,2,0.001,0.1,3,vae-ignore,0.0194646,,200,59.99559259
53,2,0.001,0.1,3,vae-ohe,0.023536813,,200,220.642117
54,2,0.001,0.1,3,vae-em,0.025921836,,200,65.16846347
55,2,0.001,0.1,4,lmmvae,0.007305551,0.0014935,200,105.4614582
56,2,0.001,0.1,4,pca-ignore,0.015799573,,,0.162605047
57,2,0.001,0.1,4,pca-ohe,0.015656655,,,6.206283092
58,2,0.001,0.1,4,vae-ignore,0.019393468,,200,57.37193155
59,2,0.001,0.1,4,vae-ohe,0.022565402,,200,209.7751482
60,2,0.001,0.1,4,vae-em,0.024638453,,200,62.05126286
61,5,0.001,0.1,0,lmmvae,0.006038188,0.00081509,200,111.376869
62,5,0.001,0.1,0,pca-ignore,0.010384463,,,0.140919209
63,5,0.001,0.1,0,pca-ohe,0.010936573,,,6.300542831
64,5,0.001,0.1,0,vae-ignore,0.006595475,,200,58.54985428
65,5,0.001,0.1,0,vae-ohe,0.025840852,,200,212.3223414
66,5,0.001,0.1,0,vae-em,0.008781691,,200,63.58866191
67,5,0.001,0.1,1,lmmvae,0.00547521,0.000678892,200,110.539382
68,5,0.001,0.1,1,pca-ignore,0.010179789,,,0.161754847
69,5,0.001,0.1,1,pca-ohe,0.010601336,,,6.359434843
70,5,0.001,0.1,1,vae-ignore,0.006045772,,200,60.46504688
71,5,0.001,0.1,1,vae-ohe,0.024899789,,200,219.9605908
72,5,0.001,0.1,1,vae-em,0.008841595,,200,65.64330602
73,5,0.001,0.1,2,lmmvae,0.006704665,0.000557137,200,110.6618826
74,5,0.001,0.1,2,pca-ignore,0.012237824,,,0.144275188
75,5,0.001,0.1,2,pca-ohe,0.012471126,,,6.275387764
76,5,0.001,0.1,2,vae-ignore,0.00775001,,200,57.72734404
77,5,0.001,0.1,2,vae-ohe,0.029337708,,200,208.5363271
78,5,0.001,0.1,2,vae-em,0.010579418,,200,62.69232321
79,5,0.001,0.1,3,lmmvae,0.004741753,0.000669579,200,112.2112248
80,5,0.001,0.1,3,pca-ignore,0.01021718,,,0.173269033
81,5,0.001,0.1,3,pca-ohe,0.01079483,,,6.460507631
82,5,0.001,0.1,3,vae-ignore,0.004759901,,200,60.88501191
83,5,0.001,0.1,3,vae-ohe,0.023774664,,200,224.1989157
84,5,0.001,0.1,3,vae-em,0.007531956,,200,65.96633101
85,5,0.001,0.1,4,lmmvae,0.004989965,0.000955675,200,106.7982185
86,5,0.001,0.1,4,pca-ignore,0.010358016,,,0.13760519
87,5,0.001,0.1,4,pca-ohe,0.010667882,,,6.398441553
88,5,0.001,0.1,4,vae-ignore,0.00517073,,200,58.44946575
89,5,0.001,0.1,4,vae-ohe,0.023183927,,200,210.7017674
90,5,0.001,0.1,4,vae-em,0.00851969,,200,62.75158191
91,1,0.001,0.1,0,svgpvae_16_2,0.028166281,,199,300.6702259
92,1,0.001,0.1,1,svgpvae_16_2,0.028662067,,199,304.3067825
93,1,0.001,0.1,2,svgpvae_16_2,0.032060891,,199,286.8132746
94,1,0.001,0.1,3,svgpvae_16_2,0.024971119,,199,303.2561429
95,1,0.001,0.1,4,svgpvae_16_2,0.027844986,,199,287.3045609
96,2,0.001,0.1,0,svgpvae_16_2,0.029607917,,199,518.2160351
97,2,0.001,0.1,1,svgpvae_16_2,0.030069401,,199,535.1275561
98,2,0.001,0.1,2,svgpvae_16_2,0.033019411,,199,500.9966052
99,2,0.001,0.1,3,svgpvae_16_2,0.025199686,,199,532.9003501
100,2,0.001,0.1,4,svgpvae_16_2,0.030781204,,199,505.7221255
101,5,0.001,0.1,0,svgpvae_16_2,0.066758338,,199,1185.200402
102,5,0.001,0.1,1,svgpvae_16_2,0.066428989,,199,1224.2547
103,5,0.001,0.1,2,svgpvae_16_2,0.050705051,,199,1150.876973
104,5,0.001,0.1,3,svgpvae_16_2,0.056746063,,199,1228.600669
105,5,0.001,0.1,4,svgpvae_16_2,0.053097206,,199,1163.639783
